{
"cod": "❋─────────────────❋",
"kode1": "╭──────────────╮",
"kode2": "╰──────────────╮",
"kode3": "╰──────────────╯",
"kode4": "╭──────────────╯",
"kode5": "│",
"logo1": "⋮☰",
"logo": "┈┈┈╱▔▔▔▔▔▔╲┈╭━━━╮┈┈\n┈┈▕┈╭━╮╭━╮┈▏┃BOT.┃┈┈\n┈┈▕┈┃╭╯╰╮┃┈▏╰┳━━╯┈┈\n┈┈▕┈╰╯╭╮╰╯┈▏┈┃┈┈┈┈┈\n┈┈▕┈┈┈┃┃┈┈┈▏━╯┈┈┈┈┈\n┈┈▕┈┈┈╰╯┈┈┈▏┈┈┈┈┈┈┈\n┈┈▕╱╲╱╲╱╲╱╲▏┈┈┈┈┈┈┈"
}